PLU,COMMODITY,VARIETY,EXPIRATION_PANTRY,EXPIRATION_FRIDGE
4514,ALFALFA SPROUTS,,,
4924,ALMONDS,,,
4925,ALMONDS,,,
3064,ALOE VERA LEAVES,,,
3463,Amaranth/Callaloo/Een Choy,,,
3338,ANISE,,,
4860,APPLE SLICES,(Dried Fruit),,
3000,APPLES,Alkmene,21,45
3001,APPLES,Aurora/Southern Rose,21,45
3002,APPLES,Cantared,21,45
3003,APPLES,D'Estivale,21,45
3004,APPLES,Discovery,21,45
3005,APPLES,Golden Delicious Blush,21,45
3006,APPLES,Ingrid Marie,21,45
3007,APPLES,Lochbuie,21,45
3008,APPLES,Rubinette,21,45
3009,APPLES,Russet,21,45
3010,APPLES,Cripps Red,21,45
3011,APPLES,Worcester,21,45
3065,APPLES,Cameo,21,45
3066,APPLES,Cameo,21,45
3067,APPLES,Swiss Gourmet,21,45
3068,APPLES,Swiss Gourmet,21,45
3069,APPLES,"Gravenstein, Red",21,45
3070,APPLES,"Gravenstein, Red",21,45
3071,APPLES,"Granny Smith, Red",21,45
3072,APPLES,Lady,21,45
3073,APPLES,Macoun,21,45
3074,APPLES,Greening (RI),21,45
3075,APPLES,Baldwin,21,45
3076,APPLES,Melrose,21,45
3077,APPLES,Northern Spy,21,45
3078,APPLES,Liberty,21,45
3104,APPLES,RoHo 3615,21,45
3271,APPLES,Virginia Gold,21,45
3272,APPLES,Sommerfeld,21,45
3283,APPLES,Honeycrisp,21,45
3284,APPLES,Red Delicious,21,45
3285,APPLES,Golden Delicious,21,45
3290,APPLES,Aurora/Southern Rose,21,45
3291,APPLES,Boskoop/Belle de Boskoop,21,45
3292,APPLES,Boskoop/Belle de Boskoop,21,45
3293,APPLES,Scifresh,21,45
3294,APPLES,Scifresh,21,45
3295,APPLES,Sciearly,21,45
3296,APPLES,Sciearly,21,45
3297,APPLES,Scired,21,45
3298,APPLES,Redfield,21,45
3299,APPLES,Sonya,21,45
3300,APPLES,Sonya,21,45
3301,APPLES,Cripps Red,21,45
3315,APPLES,Scilate,21,45
3339,APPLES,Belchard - Chantecler,21,45
3340,APPLES,Bertanne/Golden Russet,21,45
3341,APPLES,Charles Ross,21,45
3342,APPLES,Delblush,21,45
3343,APPLES,Dessert,21,45
3344,APPLES,Gloster,21,45
3345,APPLES,Gloster,21,45
3346,APPLES,Holstein,21,45
3347,APPLES,Laxtons Fortune,21,45
3348,APPLES,Lord Lambourne,21,45
3349,APPLES,Michaelmas Red,21,45
3350,APPLES,Reine des Reinettes/King of the Pippins,21,45
3351,APPLES,Reine des Reinettes/King of the Pippins,21,45
3352,APPLES,"Reinettes and Heritage varieties - (incl Canada blanc Reinette du Mans, Armorique/du Vigan/Calville",21,45
3353,APPLES,St Edmunds Pippin,21,45
3435,APPLES,Pinova,21,45
3438,APPLES,Ambrosia,21,45
3442,APPLES,New York 1,21,45
3443,APPLES,New York 2,21,45
3444,APPLES,Green Dragon,21,45
3445,APPLES,DS 3,21,45
3447,APPLES,DS 22,21,45
3460,APPLES,Red Jonaprince,21,45
3461,APPLES,Lady Williams,21,45
3467,APPLES,Regal 13-82,21,45
3468,APPLES,Honeycrisp,21,45
3484,APPLES,DALINETTE,21,45
3486,APPLES,CN121,21,45
3487,APPLES,MN 55,21,45
3600,APPLES,Antares,21,45
3601,APPLES,Huaguan,21,45
3602,APPLES,Belgica,21,45
3603,APPLES,Minneiska,21,45
3604,APPLES,Emmons,21,45
3605,APPLES,Nicoter,21,45
3607,APPLES,Mariri Red,21,45
3608,APPLES,Sciros,21,45
3612,APPLES,Nicogreen,21,45
3613,APPLES,Fuji Brak,21,45
3615,APPLES,Civni,21,45
3616,APPLES,Scilate,21,45
3618,APPLES,Opal,21,45
3619,APPLES,Milwa,21,45
3620,APPLES,Plumac,21,45
3625,APPLES,Minnewashta,21,45
3627,APPLES,PremA17,21,45
3628,APPLES,PremA280,21,45
3629,APPLES,CIVG198,21,45
3630,APPLES,Co-op 43,21,45
4015,APPLES,Red Delicious,21,45
4016,APPLES,Red Delicious,21,45
4017,APPLES,Granny Smith,21,45
4018,APPLES,Granny Smith,21,45
4019,APPLES,McIntosh,21,45
4020,APPLES,Golden Delicious,21,45
4021,APPLES,Golden Delicious,21,45
4057,APPLES,Haralson,21,45
4058,APPLES,Haralson,21,45
4096,APPLES,Ginger Gold,21,45
4097,APPLES,Ginger Gold,21,45
4098,APPLES,Akane,21,45
4099,APPLES,Akane,21,45
4100,APPLES,Fireside,21,45
4101,APPLES,Braeburn,21,45
4102,APPLES,Fireside,21,45
4103,APPLES,Braeburn,21,45
4104,APPLES,Cortland,21,45
4105,APPLES,Cox Orange Pippin,21,45
4106,APPLES,Cortland,21,45
4107,APPLES,Crab,21,45
4108,APPLES,Crispin/Mutsu,21,45
4109,APPLES,Crispin/Mutsu,21,45
4110,APPLES,Crispin/Mutsu,21,45
4111,APPLES,Crispin/Mutsu,21,45
4112,APPLES,Regent,21,45
4113,APPLES,Criterion,21,45
4114,APPLES,Regent,21,45
4115,APPLES,Criterion,21,45
4116,APPLES,Early,21,45
4117,APPLES,Early,21,45
4118,APPLES,Early,21,45
4119,APPLES,Early,21,45
4120,APPLES,Fiesta,21,45
4121,APPLES,Elstar,21,45
4122,APPLES,Sciros,21,45
4123,APPLES,Elstar,21,45
4124,APPLES,Empire,21,45
4125,APPLES,Empire,21,45
4126,APPLES,Empire,21,45
4127,APPLES,Empire,21,45
4128,APPLES,Cripps Pink,21,45
4129,APPLES,Fuji,21,45
4130,APPLES,Cripps Pink,21,45
4131,APPLES,Fuji,21,45
4132,APPLES,Gala,21,45
4133,APPLES,Gala,21,45
4134,APPLES,Gala,21,45
4135,APPLES,Gala,21,45
4136,APPLES,Golden Delicious,21,45
4137,APPLES,Golden Delicious,21,45
4138,APPLES,Granny Smith,21,45
4139,APPLES,Granny Smith,21,45
4140,APPLES,Idared,21,45
4141,APPLES,Jonamac,21,45
4142,APPLES,Idared,21,45
4143,APPLES,Jonamac,21,45
4144,APPLES,Jonagold,21,45
4145,APPLES,Jonagold,21,45
4146,APPLES,Jonagold,21,45
4147,APPLES,Jonagold,21,45
4148,APPLES,Jonathan,21,45
4149,APPLES,Jonathan,21,45
4150,APPLES,Jonathan,21,45
4151,APPLES,Jonathan,21,45
4152,APPLES,McIntosh,21,45
4153,APPLES,McIntosh,21,45
4154,APPLES,McIntosh,21,45
4155,APPLES,Paulared,21,45
4156,APPLES,Gravenstein,21,45
4157,APPLES,Paulared,21,45
4158,APPLES,Gravenstein,21,45
4160,APPLES,Pippin,21,45
4162,APPLES,Pippin,21,45
4167,APPLES,Red Delicious,21,45
4168,APPLES,Red Delicious,21,45
4169,APPLES,Rome,21,45
4170,APPLES,Rome,21,45
4171,APPLES,Rome,21,45
4172,APPLES,Rome,21,45
4173,APPLES,Royal Gala,21,45
4174,APPLES,Royal Gala,21,45
4176,APPLES,Southern Snap,21,45
4177,APPLES,Spartan,21,45
4178,APPLES,Spartan,21,45
4179,APPLES,Spartan,21,45
4180,APPLES,Spartan,21,45
4181,APPLES,Stayman,21,45
4182,APPLES,Sturmer Pippin,21,45
4183,APPLES,Stayman,21,45
4185,APPLES,York,21,45
4187,APPLES,York,21,45
4189,APPLES,Winesap,21,45
4190,APPLES,Winesap,21,45
4191,APPLES,Winesap,21,45
4192,APPLES,Winesap,21,45
4193,APPLES,,21,45
4194,APPLES,,21,45
4195,APPLES,,21,45
4196,APPLES,,21,45
4197,APPLES,,21,45
4198,APPLES,,21,45
4199,APPLES,,21,45
4200,APPLES,,21,45
4201,APPLES,,21,45
4202,APPLES,,21,45
4203,APPLES,,21,45
4204,APPLES,,21,45
4205,APPLES,,21,45
4206,APPLES,,21,45
4207,APPLES,,21,45
4208,APPLES,,21,45
4209,APPLES,,21,45
4210,APPLES,,21,45
4211,APPLES,,21,45
4212,APPLES,,21,45
4213,APPLES,,21,45
4214,APPLES,,21,45
4215,APPLES,,21,45
4216,APPLES,,21,45
4217,APPLES,,21,45
3044,APRICOTS,Black,,
3302,APRICOTS,Regular,,
3422,APRICOTS,InterSpecific,,
3614,APRICOTS,Red,,
4218,APRICOTS,Regular,,
4219,APRICOTS,,,
4861,APRICOTS,(Dried Fruit),,
3390,ARRACACH,,,
3391,ARTICHOKES,Rouge Salambo (Red),,
4084,ARTICHOKES,,,
4516,ARTICHOKES,,,
4517,ARTICHOKES,Purple,,
4518,ARTICHOKES,Purple,,
4519,ARTICHOKES,Baby/Cocktail,,
4520,ARTICHOKES,Retailer Assigned,,
4762,ARTICHOKES,,,
4884,ARUGULA/ROCKET,,,
3079,ASPARAGUS,Purple,,6
3392,ASPARAGUS,Green - Bunch,,6
3393,ASPARAGUS,White - Bunch,,6
3394,ASPARAGUS,Purple - Bunch,,6
4080,ASPARAGUS,Green,,6
4521,ASPARAGUS,Green,,6
4522,ASPARAGUS,White,,6
4523,ASPARAGUS,White,,6
4524,ASPARAGUS,Tips,,6
4525,ASPARAGUS,,,6
4526,ASPARAGUS,,,6
4220,ATEMOYAS,,,
3080,AVOCADOS,Pinkerton,3.5,8.5
3354,AVOCADOS,Ripe/Ready-to-Eat,3.5,8.5
4046,AVOCADOS,Hass,3.5,8.5
4221,AVOCADOS,Green,3.5,8.5
4222,AVOCADOS,Green,3.5,8.5
4223,AVOCADOS,Green,3.5,8.5
4224,AVOCADOS,Green,3.5,8.5
4225,AVOCADOS,Hass,3.5,8.5
4226,AVOCADOS,Cocktail/Seedless,3.5,8.5
4227,AVOCADOS,,3.5,8.5
4228,AVOCADOS,,3.5,8.5
4770,AVOCADOS,Hass,3.5,8.5
4771,AVOCADOS,Green,3.5,8.5
3303,BABACO,,,
3287,BANANAS,Hawaiian plantain,4.5,5.5
4011,BANANAS,Yellow (includes Cavendish),4.5,5.5
4186,BANANAS,Yellow (includes Cavendish),4.5,5.5
4229,BANANAS,Burro,4.5,5.5
4230,BANANAS,Dominique,4.5,5.5
4231,BANANAS,Green,4.5,5.5
4232,BANANAS,Leaves,4.5,5.5
4233,BANANAS,Apple/Manzano,4.5,5.5
4234,BANANAS,baby/Nino,4.5,5.5
4235,BANANAS,Plantain/Macho,4.5,5.5
4236,BANANAS,Red,4.5,5.5
4237,BANANAS,,4.5,5.5
4238,BANANAS,,4.5,5.5
4885,BASIL,,,
4886,BASIL,Opal,,
4887,BASIL,Sweet,,
3062,BAY LEAVES,,,
4536,BEAN SPROUTS,Mung Bean Sprouts,,
3048,BEANS,Helda/Flat,,
3049,BEANS,Fine,,
4066,BEANS,Green/French,,
4527,BEANS,Chinese Long/Snake,,
4528,BEANS,Fava/Broad,,
4529,BEANS,Lima,,
4530,BEANS,Pole/Runner/Stick,,
4531,BEANS,Purple Hull,,
4532,BEANS,Shell,,
4533,BEANS,Wax/Yellow,,
4534,BEANS,Winged,,
4535,BEANS,,,
4542,BEET GREENS,,,
3273,BEETS,Golden,,
4537,BEETS,Baby Golden,,
4538,BEETS,Baby Red,,
4539,BEETS,Bunch,,
4540,BEETS,Loose,,
4541,BEETS,,,
3395,BELGIAN ENDIVE (WITLOOF CHICORY),Red,,
4543,BELGIAN ENDIVE (WITLOOF CHICORY),,,
3081,BERRIES,Saskatoon,,
3304,BERRIES,Loganberries,,
3355,BERRIES,Strawberries - Nominal 500g/1 litre,1.5,6
3356,BERRIES,Strawberries - Nominal250g/1/2 litre,1.5,6
4028,BERRIES,Strawberries,1.5,6
4054,BERRIES,Raspberries - Red,,
4239,BERRIES,Blackberries,,
4240,BERRIES,Blueberries,2.5,7.5
4241,BERRIES,Boysenberries,,
4242,BERRIES,Cranberries,,
4243,BERRIES,Gooseberries,,
4244,BERRIES,Raspberries - Black,,
4245,BERRIES,Raspberries - Golden,,
4246,BERRIES,Strawberries,1.5,6
4247,BERRIES,Strawberries,1.5,6
4248,BERRIES,Strawberries,1.5,6
4249,BERRIES,Strawberries,1.5,6
4250,BERRIES,Strawberries,1.5,6
4251,BERRIES,Long-stemmed Strawberries,1.5,6
4252,BERRIES,,,
4253,BERRIES,,,
4323,BERRIES,Strawberries,1.5,6
4783,"BITTER MELON/BITTER GOURD, Foo Qua",Foo Qua,,
3163,BOK CHOY (PAK CHOI),Shanghai,,
4544,BOK CHOY (PAK CHOI),Small/Baby,,
4545,BOK CHOY (PAK CHOI),,,
4546,BONIATO,See also SWEET POTATO,,
3419,BORAGE,,,
4926,BRAZILNUTS,,,
4254,BREADFRUIT,,,
3082,BROCCOLI,Crowns,n/a,10.5
3277,BROCCOLI,Baby,n/a,10.5
4060,BROCCOLI,,n/a,10.5
4547,BROCCOLI,Broccoli Rabe (Italian Rapini)/ Chinese Broccoli (GAI LAN),n/a,10.5
4548,BROCCOLI,Florettes,n/a,10.5
4549,BROCCOLI,,n/a,10.5
3083,BRUSSELS SPROUTS,Stalk,,
4550,BRUSSELS SPROUTS,,,
4551,BRUSSELS SPROUTS,,,
3050,CABBAGE,Dutch White/Winter White,,
3051,CABBAGE,Spring Cabbage/Spring Greens,,
3166,CABBAGE,Tuscan,,
3396,CABBAGE,"Savoy, Red",,
3397,CABBAGE,Summer Cabbage - Pointed type,,
4069,CABBAGE,Green,,
4552,CABBAGE,Chinese/Napa/Wong Bok,,
4554,CABBAGE,Red,,
4555,CABBAGE,"Savoy, Green",,
4556,CABBAGE,,,
4557,CABBAGE,,,
3471,CACTUS LEAVES (Nopales/Cactus Pads),Baby,,
4558,CACTUS LEAVES (Nopales/Cactus Pads),,,
4255,CACTUS PEAR (PRICKLY PEAR),,,
4256,CARAMBOLA (STARFRUIT),,,
4559,CARDOON (CARDONI),,,
3424,CARROTS,Purple/Red - Beta Sweet,n/a,33.5
4094,CARROTS,Bunch,n/a,33.5
4560,CARROTS,Baby,n/a,25.5
4561,CARROTS,French,n/a,33.5
4562,CARROTS,Loose,n/a,33.5
4563,CARROTS,Carrot Sticks,n/a,33.5
4564,CARROTS,,n/a,33.5
4565,CARROTS,,n/a,33.5
3105,CASHEWS,,,
3320,CAULIFLOWER,Romanesco/Broccoflower/Caulibroc,n/a,14
3436,CAULIFLOWER,Orange,n/a,14
4079,CAULIFLOWER,,n/a,14
4566,CAULIFLOWER,Florettes,n/a,14
4567,CAULIFLOWER,Green,n/a,14
4568,CAULIFLOWER,Purple,n/a,14
4569,CAULIFLOWER,,n/a,14
4570,CAULIFLOWER,,n/a,14
4571,CAULIFLOWER,,n/a,14
4572,CAULIFLOWER,,n/a,14
4573,CAULIFLOWER,Baby,n/a,14
4070,CELERY,Bunch,25.5,25.5
4071,CELERY,Bunch,25.5,25.5
4575,CELERY,Hearts,25.5,25.5
4576,CELERY,Celery Sticks,25.5,25.5
4577,CELERY,,25.5,25.5
4578,CELERY,,25.5,25.5
4579,CELERY,,25.5,25.5
4580,CELERY,,25.5,25.5
4581,CELERY,,25.5,25.5
4582,CELERY,Bunch,25.5,25.5
4583,CELERY,Bunch,25.5,25.5
3321,CELERY ROOT/CELERIAC,With leaves attached,,
4585,CELERY ROOT/CELERIAC,,,
4586,CHARD (SWISS CHARD)/SILVERBEET,Green,,
4587,CHARD (SWISS CHARD)/SILVERBEET,Red,,
4588,CHARD (SWISS CHARD)/SILVERBEET,,,
4257,CHERIMOYA,,,
3357,CHERRIES,Regular/Red/Black,,
3358,CHERRIES,Regular/Red/Black,,
3448,CHERRIES,Tip Top,,
4045,CHERRIES,Regular/Red/Black,,
4258,CHERRIES,Golden/Rainier/White,,
4259,CHERRIES,Retailer Assigned,,
3084,CHERVIL,,,
4927,CHESTNUTS,,,
3398,CHICKPEAS,Chickpeas/Garbanzo,,
3479,CHIPILIN LEAF,,,
3462,CHIVES,Garlic/Chinese,,
4888,CHIVES,,,
3322,CHOY SUM/PAK CHOI SUM,,,
3323,CHOY SUM/PAK CHOI SUM,Baby,,
4889,CILANTRO (CHINESE PARSLEY/CORIANDER),,,
4260,COCONUTS,In Husk/Waternut,,
4261,COCONUTS,Husked,,
4262,COCONUTS,,,
3085,CORN,"Indian, Decorative",6,6
3086,CORN,Indian. Decorative,6,6
3087,CORN,"Indian, Strawberry",6,6
4077,CORN,"Sweet Corn, White",6,6
4078,CORN,"Sweet Corn, Yellow",6,6
4589,CORN,"Sweet Corn, Baby",6,6
4590,CORN,"Sweet Corn, Bi-Color",6,6
4591,CORN,,6,6
4062,CUCUMBER,Green/Ridge/Short,n/a,7
4592,CUCUMBER,Armenian,n/a,7
4593,CUCUMBER,English/Hot House/Long Seedless/Telegraph/Continental,n/a,8.5
4594,CUCUMBER,Japanese/White,n/a,8.5
4595,CUCUMBER,Lemon,n/a,7
4596,CUCUMBER,Pickling/Gherkin,n/a,7
4597,CUCUMBER,,n/a,7
3088,CURRANTS,Red,,
3305,CURRANTS,Black,,
4598,DAIKON,(See also RADISH),,
3045,DATES,"Fresh, On Branch",,
3046,DATES,"Fresh, Frozen",,
3047,DATES,Medjool,,
4263,DATES,Fresh - Regular,,
4264,DATES,,,
4862,DATES,(Dried Fruit),,
4863,DATES,,,
4891,DILL,,,
4892,DILL,Baby,,
4893,DILL,Pickling,,
3089,EGGPLANT (AUBERGINE),Chinese,,
3090,EGGPLANT (AUBERGINE),Thai,,
4081,EGGPLANT (AUBERGINE),Regular,,
4599,EGGPLANT (AUBERGINE),Baby,,
4600,EGGPLANT (AUBERGINE),Baby White,,
4601,EGGPLANT (AUBERGINE),Japanese,,
4602,EGGPLANT (AUBERGINE),White,,
4603,EGGPLANT (AUBERGINE),,,
4604,ENDIVE/CHICORY,,,
3473,EPAZOTE,,,
3324,ESCAROLE/BATAVIAN CHICORY,Red,,
4605,ESCAROLE/BATAVIAN CHICORY,Green,,
4265,FEIJOA,,,
4515,FENNEL,Florence/Sweet Fennel/Fennel Bulb,,
3063,FENNEL LEAVES,,,
4606,FIDDLEHEAD FERNS,,,
3337,FIGS,(Dried Fruit),,
4266,FIGS,Black,,
4267,FIGS,Brown,,
4268,FIGS,White/Green,,
4269,FIGS,,,
4928,FILBERTS,Cobnut/Hazelnut,,
3170,FOR USE WITH ALL COMMODITIES,,,
3171,FOR USE WITH ALL COMMODITIES,,,
3172,FOR USE WITH ALL COMMODITIES,,,
3173,FOR USE WITH ALL COMMODITIES,,,
3174,FOR USE WITH ALL COMMODITIES,,,
3175,FOR USE WITH ALL COMMODITIES,,,
3176,FOR USE WITH ALL COMMODITIES,,,
3177,FOR USE WITH ALL COMMODITIES,,,
3178,FOR USE WITH ALL COMMODITIES,,,
3179,FOR USE WITH ALL COMMODITIES,,,
3180,FOR USE WITH ALL COMMODITIES,,,
3181,FOR USE WITH ALL COMMODITIES,,,
3182,FOR USE WITH ALL COMMODITIES,,,
3183,FOR USE WITH ALL COMMODITIES,,,
3184,FOR USE WITH ALL COMMODITIES,,,
3185,FOR USE WITH ALL COMMODITIES,,,
3186,FOR USE WITH ALL COMMODITIES,,,
3187,FOR USE WITH ALL COMMODITIES,,,
3188,FOR USE WITH ALL COMMODITIES,,,
3189,FOR USE WITH ALL COMMODITIES,,,
3190,FOR USE WITH ALL COMMODITIES,,,
3191,FOR USE WITH ALL COMMODITIES,,,
3192,FOR USE WITH ALL COMMODITIES,,,
3193,FOR USE WITH ALL COMMODITIES,,,
3194,FOR USE WITH ALL COMMODITIES,,,
3195,FOR USE WITH ALL COMMODITIES,,,
3196,FOR USE WITH ALL COMMODITIES,,,
3197,FOR USE WITH ALL COMMODITIES,,,
3198,FOR USE WITH ALL COMMODITIES,,,
3199,FOR USE WITH ALL COMMODITIES,,,
3200,FOR USE WITH ALL COMMODITIES,,,
3201,FOR USE WITH ALL COMMODITIES,,,
3202,FOR USE WITH ALL COMMODITIES,,,
3203,FOR USE WITH ALL COMMODITIES,,,
3204,FOR USE WITH ALL COMMODITIES,,,
3205,FOR USE WITH ALL COMMODITIES,,,
3206,FOR USE WITH ALL COMMODITIES,,,
3207,FOR USE WITH ALL COMMODITIES,,,
3208,FOR USE WITH ALL COMMODITIES,,,
3209,FOR USE WITH ALL COMMODITIES,,,
3210,FOR USE WITH ALL COMMODITIES,,,
3211,FOR USE WITH ALL COMMODITIES,,,
3212,FOR USE WITH ALL COMMODITIES,,,
3213,FOR USE WITH ALL COMMODITIES,,,
3214,FOR USE WITH ALL COMMODITIES,,,
3215,FOR USE WITH ALL COMMODITIES,,,
3216,FOR USE WITH ALL COMMODITIES,,,
3217,FOR USE WITH ALL COMMODITIES,,,
3218,FOR USE WITH ALL COMMODITIES,,,
3219,FOR USE WITH ALL COMMODITIES,,,
3220,FOR USE WITH ALL COMMODITIES,,,
3221,FOR USE WITH ALL COMMODITIES,,,
3222,FOR USE WITH ALL COMMODITIES,,,
3223,FOR USE WITH ALL COMMODITIES,,,
3224,FOR USE WITH ALL COMMODITIES,,,
3225,FOR USE WITH ALL COMMODITIES,,,
3226,FOR USE WITH ALL COMMODITIES,,,
3227,FOR USE WITH ALL COMMODITIES,,,
3228,FOR USE WITH ALL COMMODITIES,,,
3229,FOR USE WITH ALL COMMODITIES,,,
3230,FOR USE WITH ALL COMMODITIES,,,
3231,FOR USE WITH ALL COMMODITIES,,,
3232,FOR USE WITH ALL COMMODITIES,,,
3233,FOR USE WITH ALL COMMODITIES,,,
3234,FOR USE WITH ALL COMMODITIES,,,
3235,FOR USE WITH ALL COMMODITIES,,,
3236,FOR USE WITH ALL COMMODITIES,,,
3237,FOR USE WITH ALL COMMODITIES,,,
3238,FOR USE WITH ALL COMMODITIES,,,
3239,FOR USE WITH ALL COMMODITIES,,,
3240,FOR USE WITH ALL COMMODITIES,,,
3241,FOR USE WITH ALL COMMODITIES,,,
3242,FOR USE WITH ALL COMMODITIES,,,
3243,FOR USE WITH ALL COMMODITIES,,,
3244,FOR USE WITH ALL COMMODITIES,,,
3245,FOR USE WITH ALL COMMODITIES,,,
3246,FOR USE WITH ALL COMMODITIES,,,
3247,FOR USE WITH ALL COMMODITIES,,,
3248,FOR USE WITH ALL COMMODITIES,,,
3249,FOR USE WITH ALL COMMODITIES,,,
3250,FOR USE WITH ALL COMMODITIES,,,
3251,FOR USE WITH ALL COMMODITIES,,,
3252,FOR USE WITH ALL COMMODITIES,,,
3253,FOR USE WITH ALL COMMODITIES,,,
3254,FOR USE WITH ALL COMMODITIES,,,
3255,FOR USE WITH ALL COMMODITIES,,,
3256,FOR USE WITH ALL COMMODITIES,,,
3257,FOR USE WITH ALL COMMODITIES,,,
3258,FOR USE WITH ALL COMMODITIES,,,
3259,FOR USE WITH ALL COMMODITIES,,,
3260,FOR USE WITH ALL COMMODITIES,,,
3261,FOR USE WITH ALL COMMODITIES,,,
3262,FOR USE WITH ALL COMMODITIES,,,
3263,FOR USE WITH ALL COMMODITIES,,,
3264,FOR USE WITH ALL COMMODITIES,,,
3265,FOR USE WITH ALL COMMODITIES,,,
3266,FOR USE WITH ALL COMMODITIES,,,
3267,FOR USE WITH ALL COMMODITIES,,,
3268,FOR USE WITH ALL COMMODITIES,,,
3269,FOR USE WITH ALL COMMODITIES,,,
3270,FOR USE WITH ALL COMMODITIES,,,
4460,FOR USE WITH ALL COMMODITIES,,,
4461,FOR USE WITH ALL COMMODITIES,,,
4462,FOR USE WITH ALL COMMODITIES,,,
4463,FOR USE WITH ALL COMMODITIES,,,
4464,FOR USE WITH ALL COMMODITIES,,,
4465,FOR USE WITH ALL COMMODITIES,,,
4466,FOR USE WITH ALL COMMODITIES,,,
4467,FOR USE WITH ALL COMMODITIES,,,
4468,FOR USE WITH ALL COMMODITIES,,,
4469,FOR USE WITH ALL COMMODITIES,,,
3167,FRISEE,,,
3161,GAI (GUI) CHOY (CHINESE or INDIAN MUSTARD),Baby - Chinese or Indian Mustard,,
4607,GAI (GUI) CHOY (CHINESE or INDIAN MUSTARD),Chinese or Indian Mustard,,
3160,GAI LAN,Synonymous with Chinese Broccoli,,
3453,GALANGAL ROOT,,,
3052,GARLIC,String,135,n/a
3399,GARLIC,Regular - Fresh/Semi-dried with leaves attached,135,n/a
3400,GARLIC,Regular - Smoked,135,n/a
3401,GARLIC,One-clove types,45,n/a
4608,GARLIC,Regular,135,n/a
4609,GARLIC,Elephant,135,n/a
4610,GARLIC,,135,n/a
4611,GARLIC,,135,n/a
4612,GINGER ROOT,Regular,,
4613,GINGER ROOT,,,
3091,GOBO ROOT/BURDOCK,,,
3135,GOURD,Ornamental,,
3092,GRAPEFRUIT,OroBlanco/Sweetie,7,25.5
3129,GRAPEFRUIT,Pummelo - Red,7,25.5
3152,GRAPEFRUIT,Melogold,7,25.5
3157,GRAPEFRUIT,White,7,25.5
3158,GRAPEFRUIT,White,7,25.5
3159,GRAPEFRUIT,White,7,25.5
3361,GRAPEFRUIT,Without p/harvest treatment,7,25.5
4027,GRAPEFRUIT,"Ruby/Red/Pink (includes Ray Ruby, Ruby, Ruby Red)",7,25.5
4047,GRAPEFRUIT,"Ruby/Red/Pink (Includes Ray Ruby, Ruby, Ruby Red)",7,25.5
4279,GRAPEFRUIT,Pummelo - White,7,25.5
4280,GRAPEFRUIT,"Ruby/Red/Pink (Includes Ray Ruby, Ray, Ruby Red)",7,25.5
4281,GRAPEFRUIT,"Ruby/Red/Pink (ncludes Ray Ruby, Ruby, Ruby Red)",7,25.5
4282,GRAPEFRUIT,"Ruby/Red/Pink (Includes Ray Ruby, Ruby, Ruby Red)",7,25.5
4283,GRAPEFRUIT,"Ruby/Red/Pink (Includes Ray Ruby, Ray, Ruby Red)",7,25.5
4284,GRAPEFRUIT,Deep Red,7,25.5
4285,GRAPEFRUIT,Deep Red,7,25.5
4286,GRAPEFRUIT,Deep Red,7,25.5
4287,GRAPEFRUIT,Deep Red,7,25.5
4288,GRAPEFRUIT,Deep Red,7,25.5
4289,GRAPEFRUIT,Deep Red,7,25.5
4290,GRAPEFRUIT,White,7,25.5
4291,GRAPEFRUIT,White,7,25.5
4292,GRAPEFRUIT,White,7,25.5
4293,GRAPEFRUIT,White,7,25.5
4294,GRAPEFRUIT,White,7,25.5
4295,GRAPEFRUIT,White,7,25.5
4296,GRAPEFRUIT,,7,25.5
4297,GRAPEFRUIT,,7,25.5
4298,GRAPEFRUIT,,7,25.5
4491,GRAPEFRUIT,"Ruby/Red/Pink (includes Ray Ruby, Ruby, Ruby Red)",7,25.5
4492,GRAPEFRUIT,"Ruby/Red/Pink (includes Ray Ruby, Ruby, Ruby Red)",7,25.5
4493,GRAPEFRUIT,"Ruby/Red/Pink (Includes Ray Ruby, Ruby, Ruby Red)",7,25.5
4494,GRAPEFRUIT,Deep Red,7,25.5
4495,GRAPEFRUIT,Deep Red,7,25.5
4496,GRAPEFRUIT,Deep Red,7,25.5
3043,GRAPES,"Italia, Seeded",4,7.5
3093,GRAPES,Retailer Assigned,4,7.5
3094,GRAPES,Retailer Assigned,4,7.5
3359,GRAPES,Chasselas,4,7.5
3360,GRAPES,Muscat de Hambourg,4,7.5
3449,GRAPES,Sugrathirteen,4,7.5
3450,GRAPES,Sugranineteen,4,7.5
3451,GRAPES,Sugrathirtyfour,4,7.5
3452,GRAPES,Sugrathirtyfive,4,7.5
3469,GRAPES,Sugrasixteen,4,7.5
4022,GRAPES,White/Green Seedless - Peerlette Seedless/Thompson Seedless,4,7.5
4023,GRAPES,Red Seedless - Flame/Ruby/Emperatriz,4,7.5
4056,GRAPES,Blue/Black Seedless (All other varieties not listed above (including Beauty and Autumn Royal)),4,7.5
4270,GRAPES,Blue/Black Seeded (Ribier/Exotic/Niabel),4,7.5
4271,GRAPES,Champagne,4,7.5
4272,GRAPES,Concord,4,7.5
4273,GRAPES,Red Seeded (Cardinal/Emperor/Queen/Christmas Rose),4,7.5
4274,GRAPES,White/Green Seeded (All others not listed),4,7.5
4275,GRAPES,,4,7.5
4276,GRAPES,,4,7.5
4277,GRAPES,,4,7.5
4278,GRAPES,,4,7.5
4497,GRAPES,Sugraone/Autumn Seedless,4,7.5
4498,GRAPES,White/Green Seedless (All others not listed above (including Autumn King)),4,7.5
4499,GRAPES,Crimson/Majestic,4,7.5
4635,GRAPES,Red Seedless (All others not listed under red seedless),4,7.5
4636,GRAPES,Red Globe,4,7.5
4637,GRAPES,Red Seeded (All others not listed above),4,7.5
4638,GRAPES,Fantasy/Marroo,4,7.5
4957,GRAPES,Blue/Black Seeded (All others not listed above),4,7.5
4614,GREENS,Collard,,
4615,GREENS,Dandelion,,
4616,GREENS,Mustard (Synonymous with Gai (Gui) Choy),,
4617,GREENS,Polk Greens,,
4618,GREENS,Texas Mustard,,
4619,GREENS,Turnip,,
4620,GREENS,,,
4621,GREENS,,,
4622,GREENS,,,
4623,GREENS,,,
4624,GREENS,,,
4299,GUAVA,,,
4300,HOMLI FRUIT,,,
4625,HORSERADISH ROOT,,,
3454,JACKFRUIT,Green,,
3455,JACKFRUIT,Yellow,,
4626,JICAMA/YAM BEAN,,,
3095,KALE,Multicolor,n/a,10.5
4627,KALE,,n/a,10.5
3446,KALE SPROUTS,,n/a,
4302,KIWANO (HORNED MELON),,,
3279,KIWIFRUIT,Golden,2.5,10
3280,KIWIFRUIT,Regular,2.5,10
4030,KIWIFRUIT,Regular,2.5,10
4301,KIWIFRUIT,,2.5,10
3096,KOHLRABI,Purple/Red/All Other Colors,,
4628,KOHLRABI,,,
4303,KUMQUAT,,,
3402,LEEKS,Regular - Bunch,,
3403,LEEKS,Baby - Bunch,,
4629,LEEKS,Regular,,
4630,LEEKS,Baby,,
4894,LEMONGRASS,,,
3362,LEMONS,Without postharvest treatment,,
3617,LEMONS,Seedless,,
3626,LEMONS,Meyer,,
4033,LEMONS,,,
4053,LEMONS,,,
4304,LEMONS,,,
4958,LEMONS,,,
3097,LETTUCE,"Romaine, Red",,8.5
3098,LETTUCE,"Boston, Red",,8.5
3169,LETTUCE,Catalogna,,8.5
3325,LETTUCE,Lollo Bionda/Coral - Green,,8.5
3326,LETTUCE,Lollo Rossa/Coral - Red,,8.5
3327,LETTUCE,Mignonette (Compact red-tinged butterhead varieties),,8.5
3328,LETTUCE,"Mixed small-leaf salad (eg Sucrine, Mesclun, Rocket/Arugula)",,4
3329,LETTUCE,Oak Leaf - Green,,6
3330,LETTUCE,Oak Leaf - Reg,,6
4061,LETTUCE,Iceberg,,6
4075,LETTUCE,Red Leaf,,6
4076,LETTUCE,Green Leaf,,6
4631,LETTUCE,Bibb/Flat/Round,,8.5
4632,LETTUCE,Boston/Butter,,4
4633,LETTUCE,Hydroponic,,8.5
4634,LETTUCE,Iceberg,,8.5
4639,LETTUCE,Mache,,8.5
4640,LETTUCE,Romaine/Cos,,8.5
4641,LETTUCE,,,8.5
4642,LETTUCE,,,8.5
4643,LETTUCE,,,8.5
4328,LIMEQUATS,,,
4048,LIMES,"Regular (incl. Persian, Tahiti & Bearss)",,
4305,LIMES,Key (incl. Mexican & West Indian),,
4306,LIMES,,,
4307,LONGAN,,,
4308,LOQUATS,,,
3099,LOTUS ROOT,,,
4309,LYCHEES,,,
3106,MACADAMIA,,,
3366,MADROÃ‘A,,,
4644,MALANGA,,,
4310,MAMEY,,,
3114,MANGO,Green,3.5,6
3363,MANGO,Bowen & Kensington Pride,3.5,6
3364,MANGO,R2E2 (ArtwoEetwo),3.5,6
3365,MANGO,Ripe/Ready-to-Eat,1,6
3464,MANGO,B-74,3.5,6
3488,MANGO,,3.5,6
3621,MANGO,Francis,3.5,6
4051,MANGO,"Red (Includes Tommy Atkins, Kent, Palmer, Vandyke, Edward,Hayden)",3.5,6
4311,MANGO,Green (Includes Keitt and Francis),3.5,6
4312,MANGO,"Yellow (Includes Oro, Ataulfo/Honey Manila)",3.5,6
4313,MANGO,,3.5,6
4314,MANGO,,3.5,6
4315,MANGO,,3.5,6
4316,MANGO,,3.5,6
4584,MANGO,Green (Includes Keitt and Francis),3.5,6
4959,MANGO,"Red (Includes Tommy Atkins, Kent, Palmer Vandyke, Edward, Hayden)",3.5,6
4961,MANGO,Yellow,3.5,6
3042,MANGOSTEEN,,,
4895,MARJORAM,,,
3033,MELON,Charentais,,
3034,MELON,Charentais,,
3100,MELON,Gold Honeydew,,
3101,MELON,Piel de Sapo,,
3281,MELON,"Watermelon - Orange, Seedless",,
3289,MELON,Sprite,,
3306,MELON,Charentais,,
3307,MELON,Charentais,,
3308,MELON,"Watermelon - Orange, Seedless",,
3367,MELON,Glasshouse - Netted varieties,,
3368,MELON,Ogen,,
3421,MELON,Watermelon - Mini Seedless,,
3456,MELON,Winter,,
3470,MELON,"Watermelon - Red, Small Seeds",,
3622,MELON,Honey Green,,
3623,MELON,Hami,,
3624,MELON,Korean,,
4031,MELON,Watermelon - Red   ,,
4032,MELON,"Watermelon - Red, Seedless",,
4034,MELON,Honeydew/White Honeydew,,
4049,MELON,Cantaloupe/Rockmelon,,
4050,MELON,Cantaloupe/Rockmelon,,
4317,MELON,Canary/Yellow Honeydew,,
4318,MELON,Cantaloupe/Muskmelon,,
4319,MELON,Cantaloupe/Muskmelon,,
4320,MELON,Casaba,,
4321,MELON,Cinnabar,,
4322,MELON,Crenshaw,,
4324,MELON,French Afternoon,,
4325,MELON,French Breakfast,,
4326,MELON,Galia,,
4327,MELON,Orange Flesh/Cantaline,,
4329,MELON,Honeydew/White Honeydew,,
4330,MELON,Mayan,,
4331,MELON,Mickey Lee Watermelon/Sugarbaby,,
4332,MELON,Muskmelon,,
4333,MELON,Pepino,,
4334,MELON,Persian,,
4335,MELON,Prince,,
4336,MELON,Santa Claus,,
4337,MELON,Saticoy,,
4338,MELON,Sharlin,,
4339,MELON,Spanish/Tendral,,
4340,MELON,Watermelon - Yellow,,
4341,MELON,"Watermelon - Yellow, Seedless",,
4342,MELON,,,
4343,MELON,,,
4344,MELON,,,
4345,MELON,,,
4346,MELON,,,
4347,MELON,,,
4348,MELON,,,
4349,MELON,,,
4350,MELON,,,
4351,MELON,,,
4352,MELON,,,
4353,MELON,,,
4354,MELON,,,
4355,MELON,,,
4356,MELON,,,
4357,MELON,,,
4358,MELON,,,
4359,MELON,,,
4360,MELON,,,
4361,MELON,,,
4362,MELON,,,
4363,MELON,,,
4364,MELON,,,
4365,MELON,,,
4366,MELON,,,
4367,MELON,,,
4368,MELON,,,
4369,MELON,,,
4370,MELON,,,
4371,MELON,,,
4372,MELON,,,
4373,MELON,,,
4374,MELON,,,
4375,MELON,,,
4376,MELON,,,
3475,MINT,Peppermint,,
4896,MINT,,,
4929,MIXED NUTS,,,
3102,MUSHROOMS,Morel,n/a,8.5
3103,MUSHROOMS,Enoki,n/a,8.5
3404,MUSHROOMS,Cep,n/a,8.5
3405,MUSHROOMS,Fairy Ring Champignon,n/a,8.5
3406,MUSHROOMS,Grey - Tricholoma,n/a,8.5
3407,MUSHROOMS,Grisette,n/a,8.5
3408,MUSHROOMS,Horn of Plenty/Black Trumpet,n/a,8.5
3409,MUSHROOMS,Pioppino,n/a,8.5
3410,MUSHROOMS,Saffron Milk-Cap,n/a,8.5
3411,MUSHROOMS,Sheep Polypore,n/a,8.5
4085,MUSHROOMS,Regular,n/a,8.5
4645,MUSHROOMS,"Regular, Button",n/a,8.5
4646,MUSHROOMS,Black Forest,n/a,8.5
4647,MUSHROOMS,Chanterelle,n/a,8.5
4648,MUSHROOMS,Cremini/Brown/Swiss Brown,n/a,8.5
4649,MUSHROOMS,Oyster,n/a,8.5
4650,MUSHROOMS,"Portabella (Synonymous with Cremini, Brown, Swiss Brown Mushrooms)",n/a,8.5
4651,MUSHROOMS,Shiitake,n/a,8.5
4652,MUSHROOMS,Wood Ear,n/a,8.5
4653,MUSHROOMS,,n/a,8.5
4654,MUSHROOMS,,n/a,8.5
3275,NAME,Yellow (nyAH-may),,
3276,NAME,White (nyAH-may),,
4818,NAME,,,
3035,NECTARINE,"White Flesh, Tree Ripened, Ready-to-eat",,
3369,NECTARINE,Nectavigne (Red Flesh),,
3437,NECTARINE,Flat Yellow,,
3439,NECTARINE,White Flesh Flat,,
4035,NECTARINE,Yellow Flesh,,
4036,NECTARINE,Yellow Flesh,,
4188,NECTARINE,"White Flesh, Tree Ripened, Ready-to-eat",,
4377,NECTARINE,"Yellow Flesh, Tree Ripened, Ready-to-eat",,
4378,NECTARINE,"Yellow Flesh, Tree Ripened, Ready-to-eat",,
4379,NECTARINE,,,
4380,NECTARINE,,,
4655,OKRA,Regular (Green),,
4656,OKRA,Chinese,,
4657,OKRA,Red,,
3162,ONG CHOY,Synonymous with Water Spinach,,
3286,ONIONS,Sweet red Italian - flat,35,45
3331,ONIONS,Red Fresh - Bunch,35,45
3412,ONIONS,Yellow/Brown Fresh - Bunch,35,45
4068,ONIONS,Green (Scallions)/Spring,1.5,10.5
4082,ONIONS,Red,35,45
4093,ONIONS,Yellow/Brown,35,45
4159,ONIONS,Vidalia,35,45
4161,ONIONS,Texas Sweet,35,45
4163,ONIONS,Walla Walla,35,45
4164,ONIONS,Maui,35,45
4165,ONIONS,California Sweet,35,45
4166,ONIONS,Other Sweet,35,45
4658,ONIONS,Boiling,35,45
4659,ONIONS,Bulb,35,45
4660,ONIONS,Pearl,35,45
4661,ONIONS,"Pickling, White",35,45
4662,ONIONS,Shallots,30,30
4663,ONIONS,White,35,45
4665,ONIONS,Yellow/Brown,35,45
4666,ONIONS,,35,45
4667,ONIONS,,35,45
4668,ONIONS,,35,45
4669,ONIONS,,35,45
4670,ONIONS,,35,45
3476,ORANGE TREE LEAF,,,
3027,ORANGES,Shamouti,17.5,45
3028,ORANGES,Delta Seedless,17.5,45
3036,ORANGES,Midknight,17.5,45
3107,ORANGES,Navel,17.5,45
3108,ORANGES,Valencia,17.5,45
3109,ORANGES,Seville (Marmalade type),17.5,45
3110,ORANGES,"Navel, Cara Cara (Red)",17.5,45
3153,ORANGES,Delta Seedless,17.5,45
3154,ORANGES,Delta Seedless,17.5,45
3155,ORANGES,Midknight,17.5,45
3156,ORANGES,Midknight,17.5,45
3309,ORANGES,Lima,17.5,45
3310,ORANGES,Pera,17.5,45
3370,ORANGES,Maltaise,17.5,45
3371,ORANGES,Salustiana,17.5,45
3372,ORANGES,Navelate (and other late Navel varieties),17.5,45
3373,ORANGES,Navelina (incl. Newhall),17.5,45
3374,ORANGES,Without postharvest treatment,17.5,45
4012,ORANGES,Navel,17.5,45
4013,ORANGES,Navel,17.5,45
4014,ORANGES,Valencia,17.5,45
4014,ORANGES,Valencia,17.5,45
4381,ORANGES,Blood,17.5,45
4382,ORANGES,Juice,17.5,45
4384,ORANGES,Navel,17.5,45
4385,ORANGES,Navel,17.5,45
4386,ORANGES,Temple,17.5,45
4387,ORANGES,Temple,17.5,45
4388,ORANGES,Valencia,17.5,45
4388,ORANGES,Valencia,17.5,45
4389,ORANGES,,17.5,45
4390,ORANGES,,17.5,45
4391,ORANGES,,17.5,45
4392,ORANGES,,17.5,45
4393,ORANGES,,17.5,45
4897,OREGANO,,,
4870,OTHER DRIED FRUITS,,,
4871,OTHER DRIED FRUITS,,,
4872,OTHER DRIED FRUITS,,,
4873,OTHER DRIED FRUITS,,,
4874,OTHER DRIED FRUITS,,,
4875,OTHER DRIED FRUITS,,,
4876,OTHER DRIED FRUITS,,,
4877,OTHER DRIED FRUITS,,,
4878,OTHER DRIED FRUITS,,,
4879,OTHER DRIED FRUITS,,,
4880,OTHER DRIED FRUITS,,,
4881,OTHER DRIED FRUITS,,,
4882,OTHER DRIED FRUITS,,,
4883,OTHER DRIED FRUITS,,,
4471,OTHER FRUITS,,,
4472,OTHER FRUITS,,,
4473,OTHER FRUITS,,,
4474,OTHER FRUITS,,,
4475,OTHER FRUITS,,,
4476,OTHER FRUITS,,,
4477,OTHER FRUITS,,,
4478,OTHER FRUITS,,,
4479,OTHER FRUITS,,,
4480,OTHER FRUITS,,,
4481,OTHER FRUITS,,,
4482,OTHER FRUITS,,,
4483,OTHER FRUITS,,,
4484,OTHER FRUITS,,,
4485,OTHER FRUITS,,,
4486,OTHER FRUITS,,,
4487,OTHER FRUITS,,,
4488,OTHER FRUITS,,,
4489,OTHER FRUITS,,,
4490,OTHER FRUITS,,,
4909,OTHER HERBS,,,
4910,OTHER HERBS,,,
4911,OTHER HERBS,,,
4912,OTHER HERBS,,,
4913,OTHER HERBS,,,
4914,OTHER HERBS,,,
4915,OTHER HERBS,,,
4916,OTHER HERBS,,,
4917,OTHER HERBS,,,
4918,OTHER HERBS,,,
4919,OTHER HERBS,,,
4920,OTHER HERBS,,,
4921,OTHER HERBS,,,
4922,OTHER HERBS,,,
4923,OTHER HERBS,,,
4947,OTHER NUTS,,,
4948,OTHER NUTS,,,
4949,OTHER NUTS,,,
4950,Other Nuts,,,
4951,OTHER NUTS,,,
4952,OTHER NUTS,,,
4953,OTHER NUTS,,,
4954,OTHER NUTS,,,
4955,OTHER NUTS,,,
4956,OTHER NUTS,,,
4500,OTHER VEGETABLES,,,
4501,OTHER VEGETABLES,,,
4502,OTHER VEGETABLES,,,
4503,OTHER VEGETABLES,,,
4504,OTHER VEGETABLES,,,
4505,OTHER VEGETABLES,,,
4506,OTHER VEGETABLES,,,
4507,OTHER VEGETABLES,,,
4508,OTHER VEGETABLES,,,
4509,OTHER VEGETABLES,,,
4510,OTHER VEGETABLES,,,
4511,OTHER VEGETABLES,,,
4512,OTHER VEGETABLES,,,
4513,OTHER VEGETABLES,,,
4820,OTHER VEGETABLES,,,
4821,OTHER VEGETABLES,,,
4822,OTHER VEGETABLES,,,
4823,OTHER VEGETABLES,,,
4824,OTHER VEGETABLES,,,
4825,OTHER VEGETABLES,,,
4826,OTHER VEGETABLES,,,
4827,OTHER VEGETABLES,,,
4828,OTHER VEGETABLES,,,
4829,OTHER VEGETABLES,,,
4830,OTHER VEGETABLES,,,
4831,OTHER VEGETABLES,,,
4832,OTHER VEGETABLES,,,
4833,OTHER VEGETABLES,,,
4834,OTHER VEGETABLES,,,
4835,OTHER VEGETABLES,,,
4836,OTHER VEGETABLES,,,
4837,OTHER VEGETABLES,,,
4838,OTHER VEGETABLES,,,
4839,OTHER VEGETABLES,,,
4840,OTHER VEGETABLES,,,
4841,OTHER VEGETABLES,,,
4842,OTHER VEGETABLES,,,
4843,OTHER VEGETABLES,,,
4844,OTHER VEGETABLES,,,
4845,OTHER VEGETABLES,,,
4846,OTHER VEGETABLES,,,
4847,OTHER VEGETABLES,,,
4848,OTHER VEGETABLES,,,
4849,OTHER VEGETABLES,,,
4850,OTHER VEGETABLES,,,
4851,OTHER VEGETABLES,,,
4852,OTHER VEGETABLES,,,
4853,OTHER VEGETABLES,,,
4854,OTHER VEGETABLES,,,
4855,OTHER VEGETABLES,,,
4856,OTHER VEGETABLES,,,
4857,OTHER VEGETABLES,,,
4858,OTHER VEGETABLES,,,
4859,OTHER VEGETABLES,,,
4898,OYSTER PLANT/SALSIFY,,,
3477,PAPALO,,,
3111,PAPAYA/PAWPAW,Red-Fleshed (Solo Sunrise),,
3112,PAPAYA/PAWPAW,Meridol,,
4052,PAPAYA/PAWPAW,Regular,,
4394,PAPAYA/PAWPAW,Regular,,
4395,PAPAYA/PAWPAW,Cooking/Mexican,,
4396,PAPAYA/PAWPAW,,,
4899,PARSLEY,Regular/Curly,,
4901,PARSLEY,Italian/Continental/French,,
4902,PARSLEY,,,
4671,PARSLEY ROOT(HAMBURG PARSLEY),,,
3053,PARSNIP,Baby,,
4672,PARSNIP,,,
3038,PASSION FRUIT,"Granadilla, Orange",,
3311,PASSION FRUIT,Curuba/Banana,,
3312,PASSION FRUIT,Granadilla - Yellow/Maracuja,,
4397,PASSION FRUIT,Purple,,
4398,PASSION FRUIT,,,
3113,PEACHES,Flat White Flesh (Saturn type),3.5,4.5
3115,PEACHES,Flat Yellow Flesh,3.5,4.5
3116,PEACHES,Yellow Flesh (Tree Ripened/Ready-to-eat),3.5,4.5
3117,PEACHES,Yellow Flesh (Tree Ripened/Ready-to-eat),3.5,4.5
3313,PEACHES,White Flesh - Tree Ripened/ Ready-to-eat,3.5,4.5
3314,PEACHES,White Flesh - Tree Ripened/ Ready-to-eat,3.5,4.5
3375,PEACHES,de Vigne & Sanguine (Red Flesh),3.5,4.5
4037,PEACHES,Yellow Flesh,3.5,4.5
4038,PEACHES,Yellow Flesh,3.5,4.5
4043,PEACHES,Yellow Flesh - Tree Ripened/Ready-to-eat,3.5,4.5
4044,PEACHES,Yellow Flesh - Tree Ripened/Ready-to-eat,3.5,4.5
4399,PEACHES,Indian,3.5,4.5
4400,PEACHES,White Flesh,3.5,4.5
4401,PEACHES,White Flesh,3.5,4.5
4402,PEACHES,Yellow Flesh,3.5,4.5
4403,PEACHES,Yellow Flesh,3.5,4.5
4404,PEACHES,,3.5,4.5
4405,PEACHES,,3.5,4.5
4930,PEANUTS,,,
4931,PEANUTS,Raw,,
4932,PEANUTS,Roasted - Salted,,
4933,PEANUTS,Roasted - Unsalted,,
4934,PEANUTS,,,
4935,PEANUTS,,,
3489,PEAR,,3.5,8.5
3012,PEARS,Abate Fetel,3.5,8.5
3013,PEARS,Beurre Hardy,3.5,8.5
3014,PEARS,Bon Rouge,3.5,8.5
3015,PEARS,Clara Friis,3.5,8.5
3016,PEARS,Concorde,3.5,8.5
3017,PEARS,Conference,3.5,8.5
3018,PEARS,Durondeau,3.5,8.5
3019,PEARS,Flamingo,3.5,8.5
3020,PEARS,General Leclerc,3.5,8.5
3021,PEARS,Guyot,3.5,8.5
3022,PEARS,Josephine,3.5,8.5
3023,PEARS,Passe Crassane,3.5,8.5
3024,PEARS,Rocha,3.5,8.5
3025,PEARS,Rosemarie,3.5,8.5
3026,PEARS,Triumph de Vienne,3.5,8.5
3118,PEARS,Starkrimson,3.5,8.5
3316,PEARS,Carmen,3.5,8.5
3317,PEARS,Angelys,3.5,8.5
3318,PEARS,Passe Crassane,3.5,8.5
3376,PEARS,Alexander Lucas,3.5,8.5
3377,PEARS,Louise Bonne,3.5,8.5
3378,PEARS,Santa Maria,3.5,8.5
3420,PEARS,Belle du Jumet,3.5,8.5
3434,PEARS,Tosca,3.5,8.5
3466,PEARS,Cape Rose,3.5,8.5
3485,PEARS,HAROVIN SUNDOWN PEAR,3.5,8.5
3606,PEARS,Sweet Sensation,3.5,8.5
4024,PEARS,Bartlett/Williams/WBC,3.5,8.5
4025,PEARS,Anjou,3.5,8.5
4026,PEARS,Bosc/Beurre Bosc,3.5,8.5
4406,PEARS,Asian/Nashi - White,3.5,8.5
4407,PEARS,Asian/Nashi - Yellow,3.5,8.5
4408,PEARS,Asian/Nashi - Brown,3.5,8.5
4409,PEARS,Bartlett/Williams/WBC,3.5,8.5
4410,PEARS,Bartlett - Red/Red Sensation,3.5,8.5
4411,PEARS,Bosc/Beurre Bosc,3.5,8.5
4412,PEARS,Bosc/Beurre Bosc,3.5,8.5
4413,PEARS,Bosc/Beurre Bosc,3.5,8.5
4414,PEARS,Comice/ Doyenne du Comice,3.5,8.5
4415,PEARS,Red,3.5,8.5
4416,PEARS,Anjou,3.5,8.5
4417,PEARS,Anjou - Red,3.5,8.5
4418,PEARS,Forelle/Corella,3.5,8.5
4419,PEARS,French,3.5,8.5
4420,PEARS,King Royal,3.5,8.5
4421,PEARS,Packham/Packhams Triumph,3.5,8.5
4422,PEARS,Seckel,3.5,8.5
4423,PEARS,Tree Ripened,3.5,8.5
4424,PEARS,Winter Nelis/Honey,3.5,8.5
4425,PEARS,Retailer Assigned,3.5,8.5
4426,PEARS,,3.5,8.5
4553,PEARS,Taylors Gold,3.5,8.5
4890,PEARS,Chinese Yali,3.5,8.5
4960,PEARS,Fragrant,3.5,8.5
4092,PEAS,Chinese Snow Pea/Pea Pod/Mange Tout,,
4673,PEAS,Blackeyed,,
4674,PEAS,Green,,
4675,PEAS,Sugar Snap,,
4676,PEAS,,,
4936,PECANS,,,
4937,PECANS,,,
3054,PEPPERS (CAPSICUMS),Elongated (Clovis Red/Lamuyo Red),n/a,
3055,PEPPERS (CAPSICUMS),Elongated (Clovis Green/Lamuyo Green),n/a,
3056,PEPPERS (CAPSICUMS),Elongated (Clovis Yellow/Lamuyo Yellow),n/a,
3057,PEPPERS (CAPSICUMS),Elongated (Clovis Orange/Lamuyo Orange),n/a,
3058,PEPPERS (CAPSICUMS),Elongated (Clovis White/Lamuyo White),n/a,
3119,PEPPERS (CAPSICUMS),"Bell, Greenhouse - Green",n/a,17.5
3120,PEPPERS (CAPSICUMS),"Bell, Greenhouse - Green",n/a,17.5
3121,PEPPERS (CAPSICUMS),"Bell, Greenhouse - Orange",n/a,10.5
3122,PEPPERS (CAPSICUMS),"Bell, Greenhouse - White",n/a,
3123,PEPPERS (CAPSICUMS),"Bell, Greenhouse - Brown",n/a,
3124,PEPPERS (CAPSICUMS),"Bell, Greenhouse - Purple",n/a,
3125,PEPPERS (CAPSICUMS),Habanero,n/a,
3413,PEPPERS (CAPSICUMS),Tabasco,n/a,
3465,PEPPERS (CAPSICUMS),Stripy Bell,n/a,
4065,PEPPERS (CAPSICUMS),"Bell, Field Grown - Green",n/a,
4088,PEPPERS (CAPSICUMS),"Bell, Field Grown - Red",n/a,
4677,PEPPERS (CAPSICUMS),Anaheim (Green and Red),n/a,
4678,PEPPERS (CAPSICUMS),Banana (Yellow Long),n/a,
4679,PEPPERS (CAPSICUMS),"Bell, Field Grown - Brown",n/a,
4680,PEPPERS (CAPSICUMS),"Bell, Field Grown - Golden (Yellow)",n/a,
4681,PEPPERS (CAPSICUMS),"Bell, Field Grown - Green",n/a,17.5
4682,PEPPERS (CAPSICUMS),"Bell, Field Grown - Orange",n/a,10.5
4683,PEPPERS (CAPSICUMS),"Bell, Field Grown - Purple",n/a,
4684,PEPPERS (CAPSICUMS),"Bell, Field Grown - White",n/a,
4685,PEPPERS (CAPSICUMS),Chili - Dried,n/a,
4686,PEPPERS (CAPSICUMS),Chili - Green,n/a,
4687,PEPPERS (CAPSICUMS),Cubanelle,n/a,
4688,PEPPERS (CAPSICUMS),"Bell, Greenhouse - Red",n/a,
4689,PEPPERS (CAPSICUMS),"Bell, Greenhouse - Yellow",n/a,
4690,PEPPERS (CAPSICUMS),Hot (Hungarian Hot),n/a,
4691,PEPPERS (CAPSICUMS),Hot Mixed,n/a,
4692,PEPPERS (CAPSICUMS),Hungarian Wax,n/a,
4693,PEPPERS (CAPSICUMS),Jalapeno - Green/Mexican Green,n/a,
4694,PEPPERS (CAPSICUMS),Jalapeno - Red/Mexican Red,n/a,
4695,PEPPERS (CAPSICUMS),Japanese - Red,n/a,
4696,PEPPERS (CAPSICUMS),Long Hot - Green,n/a,
4697,PEPPERS (CAPSICUMS),Long Hot - Red,n/a,
4698,PEPPERS (CAPSICUMS),Morita Chili,n/a,
4699,PEPPERS (CAPSICUMS),Negro,n/a,
4700,PEPPERS (CAPSICUMS),New Mexico,n/a,
4701,PEPPERS (CAPSICUMS),Pasilla - Green,n/a,
4702,PEPPERS (CAPSICUMS),Pasilla - Red,n/a,
4703,PEPPERS (CAPSICUMS),Pasilla Pod,n/a,
4704,PEPPERS (CAPSICUMS),Pinole,n/a,
4705,PEPPERS (CAPSICUMS),Poblano,n/a,
4706,PEPPERS (CAPSICUMS),Red Cheese,n/a,
4707,PEPPERS (CAPSICUMS),Red Finger,n/a,
4708,PEPPERS (CAPSICUMS),Red Pimiento/ Red Sweet Long,n/a,
4709,PEPPERS (CAPSICUMS),Serrano,n/a,
4710,PEPPERS (CAPSICUMS),,n/a,
4711,PEPPERS (CAPSICUMS),,n/a,
4712,PEPPERS (CAPSICUMS),,n/a,
4713,PEPPERS (CAPSICUMS),,n/a,
4714,PEPPERS (CAPSICUMS),,n/a,
4715,PEPPERS (CAPSICUMS),,n/a,
4716,PEPPERS (CAPSICUMS),,n/a,
4717,PEPPERS (CAPSICUMS),,n/a,
4718,PEPPERS (CAPSICUMS),,n/a,
4719,PEPPERS (CAPSICUMS),,n/a,
4720,PEPPERS (CAPSICUMS),,n/a,
4721,PEPPERS (CAPSICUMS),,n/a,
4722,PEPPERS (CAPSICUMS),,n/a,
4772,PEPPERS (CAPSICUMS),Chili - Yellow,n/a,
3459,PERSIMMON,Shiny Red,,
4427,PERSIMMON,Regular (American Persimmon),,
4428,PERSIMMON,Japanese/Sharonfruit (Kaki),,
4429,PERSIMMON,,,
3039,PHYSALIS/CAPE GOOSEBERRY/GROUND CHERRY,,,
4938,PINE NUTS (PIGNOLI),,,
3037,PINEAPPLE,Queen,2.5,4.5
3379,PINEAPPLE,Mini,2.5,4.5
3380,PINEAPPLE,Perola,2.5,4.5
4029,PINEAPPLE,,2.5,4.5
4430,PINEAPPLE,,2.5,4.5
4431,PINEAPPLE,Jet Fresh,2.5,4.5
4432,PINEAPPLE,Jet Fresh,2.5,4.5
4433,PINEAPPLE,,2.5,4.5
4864,PINEAPPLE,(Dried Fruit),,
4939,PISTACHIO,Natural,,
4940,PISTACHIO,Red,,
4941,PISTACHIO,,,
3040,PITAHAYA,Red (skin color),,
3319,PITAHAYA,Yellow (skin color),,
3126,PLUMCOT (INTERSPECIFIC PLUM),,,
3278,PLUMCOT (INTERSPECIFIC PLUM),,,
3609,PLUMCOT (INTERSPECIFIC PLUM),Red,,
3610,PLUMCOT (INTERSPECIFIC PLUM),Green,,
3611,PLUMCOT (INTERSPECIFIC PLUM),Black,,
3457,PLUMS,President,,
4039,PLUMS,"Black (Includes Ambra, Black Beaut, Prima Black, Blackamber, Black Torch, Catalina, Challenger, Black Diamond, Friar, Royal Diamond, Black Knight, Freedom, Black Flame, Howard Sun, Angeleno)",,
4040,PLUMS,"Black (Includes Ambra, Black Beaut, Prima Black, Blackamber, Black Torch, Catalina, Challenger, Black Diamond, Friar, Royal Diamond, Black Knight, Freedom, Black Flame, Howard Sun, Angeleno)",,
4041,PLUMS,"Red (Includes Santa Rosa, Late Santa Rosa, Red Beaut, Rich Red, Spring Beaut, First Beaut, Royal Red, Red Jewel, Rose Zee, Royal Zee, Ace, Aleta Rose, Burgandy, July Santa Rosa, Frontier, Fortune, Grand Rosa, Red Lane, Red Rosa, Casselman, Autumn Rosa, Mi",,
4042,PLUMS,"Red (Includes Santa Rosa, Late Santa Rosa, Red Beaut, Rich Red, Spring Beaut, First Beaut, Royal Red, Red Jewel, Rose Zee, Royal Zee, Ace, Aleta Rose, Burgandy, July Santa Rosa, Frontier, Fortune, Grand Rosa, Red Lane, Red Rosa, Casselman, Autumn Rosa, Mi",,
4434,PLUMS,"Green (Includes Dolly, Kelsey, Wickson)",,
4435,PLUMS,"Green (Includes Dolly, Kelsey, Wickson)",,
4436,PLUMS,Italian Prune/Sugar,,
4437,PLUMS,"Purple (Includes Queen Rosa, Laroda, Nublana, Queen Ann, Simka, El Dorado)",,
4438,PLUMS,"Purple (Includes Queen Rosa, Laroda, Nublana, Queen Ann, Simka, El Dorado) ",,
4439,PLUMS,Tree Ripened,,
4440,PLUMS,Tree Ripened,,
4441,PLUMS,Yellow (Includes Golden Globe),,
4442,PLUMS,Yellow (Includes Golden Globe),,
4443,PLUMS,,,
4444,PLUMS,,,
3127,POMEGRANATE,,,
3440,POMEGRANATE,,,
4445,POMEGRANATE,,,
4446,POMEGRANATE,,,
3128,POTATO,Purple,17.5,75
3414,POTATO,Baking - White,30,105
3415,POTATO,Baking - Red and Red Eye varieties,17.5,75
4072,POTATO,Russet,30,105
4073,POTATO,Red,17.5,75
4083,POTATO,White,30,105
4723,POTATO,Creamer - Red,17.5,75
4724,POTATO,Creamer - White,17.5,75
4725,POTATO,Russet,17.5,75
4726,POTATO,Long - White,17.5,75
4727,POTATO,Yellow,17.5,75
4728,POTATO,,,
4729,POTATO,,,
4730,POTATO,,,
4731,POTATO,,,
4732,POTATO,,,
4733,POTATO,,,
3274,PRUNES,Fresh,,
4865,PRUNES,Regular (Dried Fruit),,
4866,PRUNES,Pitted (Dried Fruit),,
4867,PRUNES,Retailer Assigned (Dried Fruit),,
3130,PUMPKIN,Jumbo,,
3131,PUMPKIN,Decorative (Painted),,
3132,PUMPKIN,White,,
3133,PUMPKIN,White - Mini,,
3134,PUMPKIN,Pie Pumpkin,,
3631,PUMPKIN,Pink,,
4734,PUMPKIN,Mini,,
4735,PUMPKIN,Regular,,
4736,PUMPKIN,,,
4737,PUMPKIN,,,
3480,PUMPKIN VINE,,,
3483,PURPLE HERB,,,
3478,QUELITES,,,
4447,QUINCE,,,
3482,RABBIT HERB,,,
3165,RADICCHIO,Treviso,,
3168,RADICCHIO,Castlefranco,,
4738,RADICCHIO,,,
4089,RADISH,Bunched Red,,
4739,RADISH,Black,,
4740,RADISH,Bunched White,,
4741,RADISH,Italian Red,,
4742,RADISH,Red,,
4743,RADISH,White/Icicle,,
4744,RADISH,,,
4868,RAISINS,Black (Dried Fruit),,
4869,RAISINS,Golden/Yellow (Dried Fruit),,
3041,RAMBUTAN,,,
3416,RHUBARB,Bunch,,
4745,RHUBARB,Regular,,
4746,RHUBARB,,,
4903,ROSEMARY,,,
4747,RUTABAGAS (SWEDE),Regular,,
4748,RUTABAGAS (SWEDE),,,
3472,SACRED PEPPER,,,
4904,SAGE,,,
4470,SALAD BAR,,,
3136,SAPODILLO/NISPERO,,,
3137,SAPOTE,White,,
3138,SAPOTE,Black,,
3139,SAVORY,,,
4905,SORREL,,,
3381,SOURSOP,,,
3332,SPINACH,Baby,n/a,5
3417,SPINACH,New Zealand Spinach,n/a,5
4090,SPINACH,Regular/Bunched,n/a,5
4749,SPINACH,,n/a,5
3059,SQUASH,Crown Prince,,
3060,SQUASH,Vegetable Marrow,,
3140,SQUASH,Cucuzza,,
3141,SQUASH,Opo,,
3142,SQUASH,Carnival,,
3143,SQUASH,Acorn - baby,,
3418,SQUASH,Zucchini/Courgette - Round,,
3441,SQUASH,Butterkin,,
4067,SQUASH,Zucchini/Courgette,,
4086,SQUASH,Yellow Zucchini/Gold Bar/Yellow Courgette,,
4750,SQUASH,Acorn/Table Queen,,
4751,SQUASH,Acorn - Golden,,
4752,SQUASH,Acorn - Swan White Table Queen,,
4753,SQUASH,Australian Blue,,
4754,SQUASH,Baby Scallopini,,
4755,SQUASH,Baby Summer (Green),,
4756,SQUASH,Baby Green Zucchini/Courgette,,
4757,SQUASH,Banana,,
4758,SQUASH,Buttercup,,
4759,SQUASH,Butternut,,
4760,SQUASH,Calabaza,,
4761,SQUASH,Chayote/Choko,,
4763,SQUASH,Delicata/Sweet Potato,,
4764,SQUASH,(Sweet) Dumpling,,
4765,SQUASH,Gem,,
4766,SQUASH,Golden Delicious,,
4767,SQUASH,Golden Nugget,,
4768,SQUASH,Hubbard,,
4769,SQUASH,Kabocha,,
4773,SQUASH,Patty Pan/Summer,,
4774,SQUASH,Red Kuri,,
4775,SQUASH,Scallopini,,
4776,SQUASH,Spaghetti/Vegetable Spaghetti,,
4777,SQUASH,Sunburst (Yellow),,
4779,SQUASH,Sweet Mama,,
4780,SQUASH,Turban,,
4781,SQUASH,White,,
4782,SQUASH,Yellow - Straightneck,,
4784,SQUASH,Yellow - Crookneck,,
4785,SQUASH,,,
4786,SQUASH,,,
4787,SQUASH,,,
4788,SQUASH,,,
4789,SQUASH,,,
3382,SUGAR APPLE,,,
4790,SUGAR CANE,,,
4791,SUNCHOKES (JERUSALEM ARTICHOKES),,,
4942,SUNFLOWER SEEDS,,,
3288,SWEET POTATO/YAM/KUMARA,,,
3333,SWEET POTATO/YAM/KUMARA,Red/Orangy White Flesh,,
3334,SWEET POTATO/YAM/KUMARA,Red/Orangy White Flesh,,
3474,SWEET POTATO/YAM/KUMARA,Saffron,,
4074,SWEET POTATO/YAM/KUMARA,Red/Orangy Red Flesh,,
4091,SWEET POTATO/YAM/KUMARA,White,,
4816,SWEET POTATO/YAM/KUMARA,Golden,,
4817,SWEET POTATO/YAM/KUMARA,Red/Orangy Red Flesh,,
4792,TAMARILLO,Golden,,
4793,TAMARILLO,Red,,
4448,TAMARINDO,,,
4383,TANGELO,Minneola,,
4456,TANGELO,,,
4459,TANGELO,Jamaican,,
3029,TANGERINES/MANDARINS,Satsuma,,
3030,TANGERINES/MANDARINS,"Nova (includes Clemenvilla, Suntina)",,
3031,TANGERINES/MANDARINS,"Jamaican Tangor (includes Ortanique, Mandor, Mandora, Tambor, Topaz, Ortanline)",,
3032,TANGERINES/MANDARINS,Ellendale,,
3144,TANGERINES/MANDARINS,Fall Glo,,
3383,TANGERINES/MANDARINS,Clementine,,
3384,TANGERINES/MANDARINS,Clementine,,
3385,TANGERINES/MANDARINS,Clementine,,
3386,TANGERINES/MANDARINS,Clementine (With leaves attached),,
3387,TANGERINES/MANDARINS,Clementine (Without p/harvest treatment,,
3388,TANGERINES/MANDARINS,Satsuma -Clauselina,,
3389,TANGERINES/MANDARINS,Satsuma,,
3425,TANGERINES/MANDARINS,Ellendale,,
3426,TANGERINES/MANDARINS,Ellendale,,
3427,TANGERINES/MANDARINS,Ellendale,,
3428,TANGERINES/MANDARINS,Honey/Murcott,,
3429,TANGERINES/MANDARINS,Honey/Murcott,,
3430,TANGERINES/MANDARINS,Honey/Murcott,,
3431,TANGERINES/MANDARINS,Imperial,,
3432,TANGERINES/MANDARINS,Imperial,,
3433,TANGERINES/MANDARINS,Imperial,,
3632,TANGERINES/MANDARINS,Dekopon,,
4055,TANGERINES/MANDARINS,,,
4449,TANGERINES/MANDARINS,Sunburst,,
4450,TANGERINES/MANDARINS,Clementine (includes Fortune),,
4451,TANGERINES/MANDARINS,Dancy,,
4452,TANGERINES/MANDARINS,Fairchild,,
4453,TANGERINES/MANDARINS,Honey/Murcott,,
4454,TANGERINES/MANDARINS,Kinnow,,
4455,TANGERINES/MANDARINS,Mandarin/Royal,,
4457,TANGERINES/MANDARINS,,,
4458,TANGERINES/MANDARINS,,,
4794,TARO ROOT (DASHEEN),,,
4795,TARO ROOT (DASHEEN),,,
4906,TARRAGON,,,
4907,THYME,,,
3061,TOMATOES,Beef/Beefsteak,7,14
3145,TOMATOES,Plum/Italian/Saladette/Roma (Yellow),7,14
3146,TOMATOES,"Cherry - Red, On the Vine",7,14
3147,TOMATOES,"Cherry - Yellow, On the Vine",7,14
3148,TOMATOES,"Regular - Yelllow, On the Vine (Truss)",7,14
3149,TOMATOES,"Regular - Orange, On the Vine",7,14
3150,TOMATOES,Cocktail/Intermediate - Red,7,14
3151,TOMATOES,"Vine Ripe, Regular - Red",7,14
3282,TOMATOES,Plum/Italian/Saladette/Roma on the vine - Red,7,14
3335,TOMATOES,Cocktail/Intermediate - Red/On the Vine (Truss),7,14
3336,TOMATOES,Cocktail/Intermediate - Red/Plum/Italian/Saladette/Roma/On the Vine (Truss),7,14
3423,TOMATOES,Heirloom,7,14
3458,TOMATOES,Cherry - Orange,7,14
4063,TOMATOES,Regular - Red,7,14
4064,TOMATOES,Regular - Red,7,14
4087,TOMATOES,Plum/Italian/Saladette/Roma - Red,7,14
4664,TOMATOES,"Regular - Red, On the Vine (Truss)",7,14
4778,TOMATOES,Regular - Yellow,7,14
4796,TOMATOES,Cherry - Red,7,14
4797,TOMATOES,Cherry - Yellow,7,14
4798,TOMATOES,Greenhouse/Hydroponic/Regular - Red,7,14
4799,TOMATOES,Greenhouse/Hydroponic/Regular - Red,7,14
4800,TOMATOES,Native/Home Grown,7,14
4801,TOMATOES,Tomatillos/Husk Tomatoes,7,14
4802,TOMATOES,Dried,7,14
4803,TOMATOES,Teardrop/Pear - Red,7,14
4804,TOMATOES,Teardrop/Pear - Yellow,7,14
4805,TOMATOES,"Vine Ripe, Regular - Red",7,14
4806,TOMATOES,,7,14
4807,TOMATOES,,7,14
4808,TOMATOES,,7,14
4095,TURNIP,Yellow,,
4809,TURNIP,Baby,,
4810,TURNIP,Bunch/Banded,,
4811,TURNIP,Purple Top,,
4812,TURNIP,White,,
4813,TURNIP,,,
4908,VANILLA BEAN,,,
4943,WALNUTS,Regular,,
4944,WALNUTS,Black,,
4945,WALNUTS,White,,
4946,WALNUTS,,,
4814,WATER CHESTNUTS,,,
4815,WATERCRESS,,,
3481,XPELON,,,
3164,YU CHOY,,,
4819,YUCA ROOT/CASSAVA/MANIOC,,,
